{
  "tokenizer": "tokenizers_morph",
  "vocab_size": 10000,
  "compression_ratio": 0.3882265560992044,
  "tokens_per_1000_chars": 388.2265560992044,
  "avg_tokens_per_word": 2.0339377406931964,
  "morph_alignment_score": 0.059327048242672875
}