{
  "tokenizer": "tokenizers_morph",
  "vocab_size": 15000,
  "compression_ratio": 0.38238424490233464,
  "tokens_per_1000_chars": 382.3842449023346,
  "avg_tokens_per_word": 2.003329589216945,
  "morph_alignment_score": 0.048859608722641626
}