{
  "tokenizer": "tokenizers_morph",
  "vocab_size": 5000,
  "compression_ratio": 0.40584537400745796,
  "tokens_per_1000_chars": 405.84537400745796,
  "avg_tokens_per_word": 2.1262435815147627,
  "morph_alignment_score": 0.06697734090523177
}